ATPM,,,,,,,,,,,,,,,,,ATPM,,,,,,,,Non - ATPM,,,,,NON - ATPM,,,,,,,,,,,,
PO Number,PO Date,Spare Part Number,Spare Part Name,Brand Name,Vendor Name,Quality Part,Qty.,ATPM Price,Total ATPM Price,HPP,Total HPP,Total Selling Price,Gross Profit,Gross Profit %,Total Savings,Total Saving Percentage,PO Date - Month,Total Revenue,Total HPP ,Gross Profit,Gross Profit %,Total Savings,AVERAGE of Total Saving Percentage,,PO Date - Month,Total Revenue,Total HPP ,Gross Profit,Gross Profit %,PO Number,PO Date,Spare Part Number,Spare Part Name,Brand Name,Vendor Name,Quality Part,Qty.,HPP (IDR),Total HPP(IDR) ,Total Selling Price,Gross Profit,Gross Profit %
CT260502,5/22/2026,KD5451150G,"LAMP(R),RR COMB.",MAZDA,CT Auto Spare SDN BHD,OL,1 SET,"Rp3,237,393","Rp3,237,393","Rp2,584,050","Rp2,584,050","Rp4,298,564","Rp1,714,514",39.89%,"Rp653,343",-32.78%,May,"Rp62,359,912","Rp41,514,851","Rp20,845,062",36.09%,"Rp4,459,554",-1.79%,,May,"Rp7,169,000","Rp5,255,867","Rp1,913,133",31.18%,AR260501,5/4/2026,609001177AA,FR WHEEL ARCH ASSY RH,CHERY,Anhui Ruikai,OL,1,"Rp138,157","Rp138,157","Rp224,000","Rp85,843",38.32%
CT260502,5/22/2026,KD53513F0F,"LAMP(R),TRUNK LID",MAZDA,CT Auto Spare SDN BHD,OL,1 SET,"Rp2,797,329","Rp2,797,329","Rp1,992,784","Rp1,992,784","Rp3,714,476","Rp1,721,692",46.35%,"Rp804,545",-32.79%,Jun,"Rp57,743,375","Rp37,121,987","Rp20,621,388",40.25%,"Rp20,854,551",22.56%,,Jun,"Rp83,453,381","Rp23,195,935","Rp60,257,446",60.13%,KWJ260501,5/18/2026,602004000AA,TRIM COVER-FOG LAMP RH,CHERY,"Kwoje Automotive Parts Co., Ltd.",OM,1,"Rp185,395","Rp185,395","Rp240,000","Rp54,605",22.75%
CT260501,5/11/2026,K0V834300,"ARM(R),LOWER",MAZDA,CT Auto Spare SDN BHD,OL,1 SET,"Rp3,193,814","Rp3,193,814","Rp2,540,253","Rp2,540,253","Rp4,017,578","Rp1,477,326",36.77%,"Rp653,561",-25.79%,Jul,"Rp8,105,780","Rp4,843,726","Rp3,262,054",38.64%,"Rp1,778,840",3.34%,,Jul,"Rp23,468,822","Rp9,221,630","Rp14,247,192",80.83%,AR260501,5/4/2026,602003997AA,LWR BODY-FR BUMPER,CHERY,Anhui Ruikai,OM,1,"Rp281,696","Rp281,696","Rp784,000","Rp502,304",64.07%
CT260501,5/11/2026,K0V834350,"ARM(L),LOWER",MAZDA,CT Auto Spare SDN BHD,OL,1 SET,"Rp3,193,814","Rp3,193,814","Rp2,540,253","Rp2,540,253","Rp4,017,578","Rp1,477,326",36.77%,"Rp653,561",-25.79%,,Rp0,Rp0,Rp0,#DIV/0!,Rp0,#DIV/0!,,,Rp0,Rp0,Rp0,#DIV/0!,MG260501,5/22/2026,86512CC300,FRONT LOWER BUMPER,KIA,Min Ghee,OL,1,"Rp1,806,126","Rp1,806,126","Rp2,340,000","Rp533,874",22.82%
AB260501,5/12/2026,49141-60020,"ACCUMULATOR, FRONT SUSPENSION CONTROL RH/LH",TOYOTA,PT ASUKI BATAM,OL,1 SET,Barang Non ATPM,,"Rp4,000,005","Rp4,000,005","Rp5,815,900","Rp1,815,895",31.22%,,,Grand Total,"Rp128,209,067","Rp83,480,563","Rp44,728,504",38.72%,"Rp27,092,945",14.69%,,Grand Total,"Rp114,091,203","Rp37,673,432","Rp76,417,771",59.98%,MG260501,5/22/2026,86612-CC300BKL,REAR LOWER BUMPER,KIA,Min Ghee,OL,1,"Rp1,806,126","Rp1,806,126","Rp2,340,000","Rp533,874",22.82%
AB260501,5/12/2026,49141-60020,"ACCUMULATOR, FRONT SUSPENSION CONTROL RH/LH",TOYOTA,PT ASUKI BATAM,OL,1 SET,Barang Non ATPM,,"Rp4,000,005","Rp4,000,005","Rp5,815,900","Rp1,815,895",31.22%,,,,,,,,,,,,,,,,,6/29/2026,52411-48070,SPOILER BUMPER FRONT,TOYOTA,"Chongqing Ditai Auto Parts Manufacturing Co.,Ltd.",OL,1,"Rp142,000","Rp142,000","Rp2,200,000","Rp2,058,000",93.55%
AB260501,5/12/2026,49151-60020,"ACCUMULATOR, REAR SUSPENSION CONTROL RH/LH",TOYOTA,PT ASUKI BATAM,OL,1 SET,Barang Non ATPM,,"Rp4,000,005","Rp4,000,005","Rp5,815,900","Rp1,815,895",31.22%,,,,,,,,,,,,,,,,TD260608,6/30/2026,48510-80B41,SHOCKBRAKER FR RH,TOYOTA,"Chongqing Ditai Auto Parts Manufacturing Co.,Ltd.",OM,1,"Rp610,043","Rp610,043","Rp2,565,000","Rp1,954,957",76.22%
AB260501,5/12/2026,49151-60020,"ACCUMULATOR, REAR SUSPENSION CONTROL RH/LH",TOYOTA,PT ASUKI BATAM,OL,1 SET,Barang Non ATPM,,"Rp4,000,005","Rp4,000,005","Rp5,815,900","Rp1,815,895",31.22%,,,,,,,,,,,,,,,,TD260608,6/30/2026,4261A-48290,"WHEEL, DISC",TOYOTA,"Chongqing Ditai Auto Parts Manufacturing Co.,Ltd.",OL,1,"Rp3,373,181","Rp3,373,181","Rp9,000,000","Rp5,626,819",62.52%
AB260501,5/12/2026,48510-69355,"ABSORBER ASSY. SHOCK, FRONT RH/LH (SET SD NUT)",TOYOTA,PT ASUKI BATAM,OL,1 SET,Barang Non ATPM,,"Rp3,200,004","Rp3,200,004","Rp4,671,720","Rp1,471,716",31.50%,,,,,,,,,,,,,,,,TD260610,6/30/2026,BST-TUR6-22560R18,BRIDGESTONE TURANZA 6 225/60-R18,TOYOTA,PT.Lintas teknik mandala (Auto Ban),OL,2,"Rp1,450,002","Rp2,900,003","Rp3,940,000","Rp1,039,997",26.40%
AB260501,5/12/2026,48510-69355,"ABSORBER ASSY. SHOCK, FRONT RH/LH (SET SD NUT)",TOYOTA,PT ASUKI BATAM,OL,1 SET,Barang Non ATPM,,"Rp3,200,004","Rp3,200,004","Rp4,671,720","Rp1,471,716",31.50%,,,,,,,,,,,,,,,,,7/10/2026,BCKN50A11A,"COVER, TOW HOOK",MAZDA,CHONGBANG ,OM,1,"Rp53,827","Rp53,827","Rp220,000","Rp166,173",75.53%
AB260501,5/12/2026,48530-69415,"ABORBER ASSY, SHOCK, REAR RH/LH",TOYOTA,PT ASUKI BATAM,OL,1 SET,Barang Non ATPM,,"Rp1,300,002","Rp1,300,002","Rp2,067,105","Rp767,103",37.11%,,,,,,,,,,,,,,,,,7/10/2026,BCKN50760C,"MOULD(L),FRONT",MAZDA,CHONGBANG ,OM,1,"Rp287,079","Rp287,079","Rp1,200,000","Rp912,921",76.08%
AB260501,5/12/2026,48530-69415,"ABORBER ASSY, SHOCK, REAR RH/LH",TOYOTA,PT ASUKI BATAM,OL,1 SET,Barang Non ATPM,,"Rp1,300,002","Rp1,300,002","Rp2,067,105","Rp767,103",37.11%,,,,,,,,,,,,,,,,,7/10/2026,BDGF61480A,CONDENSER,MAZDA,CHONGBANG ,OM,1,"Rp950,950","Rp950,950","Rp5,500,000","Rp4,549,050",82.71%
AB260501,5/12/2026,08886-01805,SHOCK ABSORBER OIL 2.5L,TOYOTA,PT ASUKI BATAM,OL,1 SET,Barang Non ATPM,,"Rp430,001","Rp430,001","Rp589,466","Rp159,465",27.05%,,,,,,,,,,,,,,,,TD260710,7/14/2026,PAF215025,RADIATOR FAN ASSY,MAZDA,PT.EUROKARS MOTOR INDONESIA,OL,1,"Rp7,283,846","Rp7,283,846","Rp10,180,587","Rp2,896,741",28.45%
AR260502,5/20/2026,609001033AA,TRIM PANEL-FR DOOR LH,CHERY,Anhui Ruikai,OM,1 SET,"Rp432,900","Rp432,900","Rp82,535","Rp82,535","Rp255,000","Rp172,465",67.63%,"Rp350,365",41.09%,,,,,,,,,,,,,,,7/10/2026,BCJH50070B,"REIN,IMPACT BAR,FRONT BUMPER",MAZDA,CHONGBANG ,OM,1,"Rp645,928","Rp645,928","Rp4,000,000","Rp3,354,072",83.85%
AR260502,5/20/2026,602002649AA,LWR BODY-RR BUMPER,CHERY,Anhui Ruikai,OM,1 SET,"Rp1,407,258","Rp1,407,258","Rp520,331","Rp520,331","Rp1,190,000","Rp669,669",56.27%,"Rp886,927",15.44%,,,,,,,,,,,,,,TD260605,6/20/2026,BST-TUR6-22560R18,BRIDGESTONE TURANZA 6 225/60-R18,TOYOTA,ANEKA BAN,OL,1,"Rp1,520,002","Rp1,520,002","Rp1,900,000","Rp379,998",20.00%
Stock Ready,6/19/2026,602002156AA,LWR BODY-FR BUMPER,CHERY,Anhui Ruikai,OL,1 SET,"Rp1,434,231","Rp1,434,231","Rp807,410","Rp807,410","Rp833,000","Rp25,590",3.07%,"Rp626,821",41.92%,,,,,,,,,,,,,,TD260609,6/30/2026,GSJ850031 BB,FRONT BUMPER,MAZDA,CHONGBANG ,OM,1,"Rp683,607","Rp683,607","Rp3,600,000","Rp2,916,393",81.01%
CT260503,5/22/2026,K0114370XA,"SENSOR(R),FRT-A.B.S.",MAZDA,CT Auto Spare SDN BHD,OL,1 SET,"Rp1,107,000","Rp1,107,000","Rp875,949","Rp875,949","Rp900,000","Rp24,051",2.67%,"Rp231,051",18.70%,,,,,,,,,,,,,,TD260610,6/30/2026,ACC-EVT-22545R19,Accelera EVT 225/45 R19 92W,MAZDA,PT.Lintas teknik mandala (Auto Ban),OL,1,"Rp1,375,002","Rp1,375,002","Rp1,800,000","Rp424,998",23.61%
CT260601,6/4/2026,PY0115908A,"BELT,V",MAZDA,CT Auto Spare SDN BHD,OL,1 SET,"Rp301,699","Rp301,699","Rp284,683","Rp284,683","Rp292,500","Rp7,817",2.67%,"Rp17,016",3.05%,,,,,,,,,,,,,,TD260609,6/30/2026,GBVG50131,"PROTECTOR(L),BUMPER",MAZDA,CHONGBANG ,OM,1,"Rp215,309","Rp215,309","Rp540,000","Rp324,691",60.13%
AR260504,5/28/2026,202000727AA,RR SLEEVE-CONTROL ARM,CHERY,Anhui Ruikai,OL,2 SET,"Rp161,949","Rp323,898","Rp122,009","Rp244,017","Rp306,000","Rp61,983",20.26%,"Rp39,940",5.53%,,,,,,,,,,,,,,TD260609,6/30/2026,GSH750102,"COVER(L),FRONT BUMPER",MAZDA,CHONGBANG ,OM,1,"Rp278,108","Rp278,108","Rp360,000","Rp81,892",22.75%
IGN260501,5/29/2026,5A75A49-03,"RELAY, STARTER",BMW MOTORRAD,Integrated Global Network Enterprise,OL,1 SET,Barang Non ATPM,,"Rp3,751,186","Rp3,751,186","Rp3,780,000","Rp28,814",0.76%,,,,,,,,,,,,,,,,TD260609,6/30/2026,GSH750104,"COVER(L),BUMPER",MAZDA,CHONGBANG ,OM,1,"Rp161,482","Rp161,482","Rp225,000","Rp63,518",28.23%
SHP260601,6/12/2026,SILICONEALP,SILICONE ALL PURPOSE,MAZDA,SHOPEE MARKETPLACE,OL,10 SET,"Rp27,300","Rp273,000","Rp26,100","Rp261,000","Rp500,000","Rp239,000",47.80%,"Rp1,200",-83.15%,,,,,,,,,,,,,,TD260609,6/30/2026,GSH7501V0,"PLATE(L),SEAL-F.BUMP",MAZDA,CHONGBANG ,OM,1,"Rp170,453","Rp170,453","Rp540,000","Rp369,547",68.43%
KWJ260502,5/28/2026,608000120AA,BLADE PS,CHERY,"Kwoje Automotive Parts Co., Ltd.",OM,10 SET,"Rp134,421","Rp1,344,210","Rp47,673","Rp476,731","Rp1,275,000","Rp798,269",62.61%,"Rp86,748",5.15%,,,,,,,,,,,,,,CBA260601,6/15/2026,K26250710A,"GRILLE,RADIATOR",MAZDA,CHONGBANG ,OM,1,"Rp1,387,502","Rp1,387,502","Rp8,475,782","Rp7,088,281",83.63%
KWJ260502,5/28/2026,608000118AA,WIPER BLADE-MASTER,CHERY,"Kwoje Automotive Parts Co., Ltd.",OM,10 SET,"Rp147,186","Rp1,471,860","Rp47,673","Rp476,731","Rp1,275,000","Rp798,269",62.61%,"Rp99,513",13.37%,,,,,,,,,,,,,,CBA260601,6/15/2026,KB8A507E1BBB,"GRILLE,UP.RADIATOR",MAZDA,CHONGBANG ,OM,2,"Rp136,000","Rp272,000","Rp4,423,838","Rp4,151,838",93.85%
CT260603,6/20/2026,A0003570091 / FEBI,CARDAN BELLOW SETS,MERCEDES BENZ,CT Auto Spare SDN BHD,OM,1 SET,Barang Non ATPM,,"Rp328,481","Rp328,481","Rp421,875","Rp93,394",22.14%,,,,,,,,,,,,,,,,CBA260601,6/15/2026,KD3556620A,"LOCK,BONNET",MAZDA,CHONGBANG ,OM,1,"Rp150,000","Rp150,000","Rp480,000","Rp330,000",68.75%
CT260603,6/20/2026,95B837462,FRONT RIGHT WINDOW REGULATOR,PORSCHE,CT Auto Spare SDN BHD,OL,1 SET,Barang Non ATPM,,"Rp5,036,708","Rp5,036,708","Rp6,468,750","Rp1,432,042",22.14%,,,,,,,,,,,,,,,,CBA260601,6/15/2026,KBY05231XC,BONNET,MAZDA,CHONGBANG ,OM,2,"Rp1,810,002","Rp3,620,004","Rp9,600,000","Rp5,979,996",62.29%
AR260601,6/5/2026,602002649AA,LWR BODY-RR BUMPER,CHERY,Anhui Ruikai,OM,1 SET,"Rp1,407,258","Rp1,407,258","Rp520,331","Rp520,331","Rp1,190,000","Rp669,669",56.27%,"Rp886,927",15.44%,,,,,,,,,,,,,,CBA260601,6/15/2026,KB7W52410,"HINGE(L),BONNET",MAZDA,CHONGBANG ,OM,2,"Rp80,000","Rp160,000","Rp592,240","Rp432,240",72.98%
AR260601,6/5/2026,602002017AA,REAR BUMPER LEFT END BODY,CHERY,Anhui Ruikai,OL,1 SET,"Rp932,400","Rp932,400","Rp789,468","Rp789,468","Rp680,000","-Rp109,468",-16.10%,"Rp142,932",27.07%,,,,,,,,,,,,,,CBA260601,6/15/2026,KB7W52420,"HINGE(L),BONNET",MAZDA,CHONGBANG ,OM,1,"Rp80,000","Rp80,000","Rp296,120","Rp216,120",72.98%
TD260602,6/27/2026,SFM-400-EB,SINOFUSE ELECTRIC,CHERY,BYONE-PT. GEMILANG BUMITAMA RAYA ,OM,1 SET,WAITING,,"Rp1,136,101","Rp1,136,101","Rp1,550,000","Rp413,899",26.70%,,,,,,,,,,,,,,,,CBA260601,6/15/2026,KD5356627,"PROTECTOR,LOCK-BONNET",MAZDA,CHONGBANG ,OM,1,"Rp130,000","Rp130,000","Rp60,632","-Rp69,368",-114.41%
KWJ260601,6/22/2026,605002314AA,LH FR DECORATIVE LAMP,JETOUR,"Kwoje Automotive Parts Co., Ltd.",OM,1 SET,"Rp393,791","Rp393,791","Rp198,638","Rp198,638","Rp400,000","Rp201,362",50.34%,"Rp195,153",-1.58%,,,,,,,,,,,,,,CBA260601,6/15/2026,KB7W56770A,SEAL TO HOOD,MAZDA,CHONGBANG ,OM,1,"Rp72,500","Rp72,500","Rp270,072","Rp197,572",73.16%
KWJ260601,6/22/2026,F26-6105380BJ,REMOTE CONTROL KEY-WHITE,JETOUR,"Kwoje Automotive Parts Co., Ltd.",OL,1 SET,"Rp959,878","Rp959,878","Rp198,638","Rp198,638","Rp1,100,000","Rp901,362",81.94%,"Rp761,240",-14.60%,,,,,,,,,,,,,,CBA260601,6/15/2026,KB7W56750A,"STRIP,FRONT-WEATHER",MAZDA,CHONGBANG ,OM,1,"Rp150,000","Rp150,000","Rp214,192","Rp64,192",29.97%
TD260601,6/24/2026,F26-3106010AB,"TIRE ASSY, Size 255/60R19",JETOUR,Anhui Ruikai,OL,1 SET,"Rp5,375,534","Rp5,375,534","Rp2,099,267","Rp2,099,267","Rp4,000,000","Rp1,900,733",47.52%,"Rp3,276,267",25.59%,,,,,,,,,,,,,,CBA260601,6/15/2026,KB7W52150,"STAY,LOCK",MAZDA,CHONGBANG ,OM,1,"Rp140,000","Rp140,000","Rp234,080","Rp94,080",40.19%
AR260602,6/18/2026,609003300AA,FRONT RIGHT WHEEL ARCH TRIM ,CHERY,Anhui Ruikai,OM,1 SET,"Rp222,000","Rp222,000","Rp134,568","Rp134,568","Rp238,000","Rp103,432",43.46%,"Rp87,432",-7.21%,,,,,,,,,,,,,,CBA260601,6/15/2026,KB7W5215Y,"STAY,LOCK",MAZDA,CHONGBANG ,OM,1,"Rp130,000","Rp130,000","Rp170,632","Rp40,632",23.81%
AR260602,6/18/2026,602006896AA,LWR BODY-FR BUMPER,CHERY,Anhui Ruikai,OM,1 SET,"Rp1,100,000","Rp1,100,000","Rp662,076","Rp662,076","Rp1,020,000","Rp357,924",35.09%,"Rp437,924",7.27%,,,,,,,,,,,,,,CBA260601,6/15/2026,K15653110A,"PANEL,SHROUD",MAZDA,CHONGBANG ,OM,1,"Rp410,000","Rp410,000","Rp2,011,944","Rp1,601,944",79.62%
AR260602,6/18/2026,605000591AA,RR REFLECTOR-RH,CHERY,Anhui Ruikai,OM,1 SET,"Rp88,245","Rp88,245","Rp48,445","Rp48,445","Rp70,000","Rp21,555",30.79%,"Rp39,800",20.68%,,,,,,,,,,,,,,CBA260601,6/15/2026,KB7W53150A,"MEMBER,SHROUD-UPPER",MAZDA,CHONGBANG ,OM,1,"Rp260,000","Rp260,000","Rp626,648","Rp366,648",58.51%
CT260602,6/12/2026,D24H34300C,"ARM(R),LOWER",MAZDA,CT Auto Spare SDN BHD,OL,1 SET,"Rp2,360,000","Rp2,360,000","Rp1,730,000","Rp1,730,000","Rp2,044,125","Rp314,125",15.37%,"Rp630,000",13.38%,,,,,,,,,,,,,,CBA260601,6/15/2026,KB8A501C0B,"PLATE,SET",MAZDA,CHONGBANG ,OM,1,"Rp440,001","Rp440,001","Rp824,208","Rp384,207",46.62%
CT260602,6/12/2026,D24H34350C,"ARM(L),LOWER",MAZDA,CT Auto Spare SDN BHD,OL,1 SET,"Rp2,360,000","Rp2,360,000","Rp1,730,000","Rp1,730,000","Rp2,044,125","Rp314,125",15.37%,"Rp630,000",13.38%,,,,,,,,,,,,,,CBA260601,6/15/2026,PE2713100,"MANIFOLD,INLET",MAZDA,CHONGBANG ,OM,1,"Rp1,780,002","Rp1,780,002","Rp5,754,496","Rp3,974,494",69.07%
AR260602,6/18/2026,609002182AA,RR LOGO,CHERY,Anhui Ruikai,OM,1 SET,"Rp121,767","Rp121,767","Rp64,593","Rp64,593","Rp85,000","Rp20,407",24.01%,"Rp57,174",30.19%,,,,,,,,,,,,,,CBA260601,6/15/2026,PE0113200,"DUCT,FRESH AIR",MAZDA,CHONGBANG ,OM,1,"Rp370,000","Rp370,000","Rp691,592","Rp321,592",46.50%
AR260603,6/22/2026,406000319AA,FR SAFETY BELT LH,CHERY,Anhui Ruikai,OM,1 SET,"Rp1,057,164","Rp1,057,164","Rp448,561","Rp448,561","Rp700,000","Rp251,439",35.92%,"Rp608,603",33.79%,,,,,,,,,,,,,,CBA260601,6/15/2026,PYFV15025,"FAN,ELECTRIC",MAZDA,CHONGBANG ,OM,1,"Rp760,001","Rp760,001","Rp11,709,104","Rp10,949,103",93.51%
AR260603,6/22/2026,406000507AA,FR SAFETY BELT RH,CHERY,Anhui Ruikai,OM,1 SET,"Rp1,196,358","Rp1,196,358","Rp448,561","Rp448,561","Rp700,000","Rp251,439",35.92%,"Rp747,797",41.49%,,,,,,,,,,,,,,CBA260601,6/15/2026,PE0115351A,"TANK,SUB-RADIATOR",MAZDA,CHONGBANG ,OM,1,"Rp170,000","Rp170,000","Rp294,800","Rp124,800",42.33%
AR260603,6/22/2026,406000328AA,RR SAFETY BELT RH,CHERY,Anhui Ruikai,OM,1 SET,"Rp427,572","Rp427,572","Rp208,132","Rp208,132","Rp310,000","Rp101,868",32.86%,"Rp219,440",27.50%,,,,,,,,,,,,,,CBA260601,6/15/2026,KPF156130,FENDER LINER FR RH,MAZDA,CHONGBANG ,OM,1,"Rp125,000","Rp125,000","Rp480,000","Rp355,000",73.96%
TD260604,6/25/2026,12411603429,DINAMO STARTER,BMW,PERFORMANCE MOTORS LIMITED,OL,1 SET,Barang Non ATPM,,"Rp12,045,474","Rp12,045,474","Rp15,000,000","Rp2,954,526",19.70%,,,,,,,,,,,,,,,,CBA260601,6/15/2026,KB8A50717D,INNER BRACKET,MAZDA,CHONGBANG ,OM,1,"Rp140,000","Rp140,000","Rp1,000,000","Rp860,000",86.00%
AR260603,6/22/2026,M11-2916030,REAR TIE ROD ASSY,CHERY,Anhui Ruikai,OM,2 SET,"Rp303,030","Rp606,060","Rp53,827","Rp107,655","Rp220,000","Rp112,345",51.07%,"Rp249,203",63.70%,,,,,,,,,,,,,,TD260603,6/24/2026,PX01102F0A,"PLATE,PLUG COVER",MAZDA,CHONGBANG ,OM,1,"Rp250,000","Rp250,000","Rp800,000","Rp550,000",68.75%
TD260601,6/27/2026,J69-6GN3501080,FR BRAKE PAD,CHERY,Anhui Ruikai,OM,3 SET,"Rp2,664,000","Rp7,992,000","Rp143,540","Rp430,619","Rp1,275,000","Rp844,381",66.23%,"Rp2,520,460",84.05%,,,,,,,,,,,,,,AR260601,6/5/2026,602003098AA,LWR BODY-FR BUMPER,CHERY,Anhui Ruikai,OM,1,"Rp690,784","Rp690,784","Rp2,240,000","Rp1,549,216",69.16%
TD260607,6/30/2026,151000348AA,AIR FILTER ELEMENT,CHERY,Anhui Ruikai,OL,5 SET,"Rp157,509","Rp787,545","Rp66,213","Rp331,063","Rp675,000","Rp343,937",50.95%,"Rp91,296",14.29%,,,,,,,,,,,,,,AR260601,6/5/2026,602003952AA,LH CHOKE PLATE-FR BUMPER,CHERY,Anhui Ruikai,OL,1,"Rp39,473","Rp39,473","Rp80,000","Rp40,527",50.66%
TD260607,6/30/2026,204003099AA,FR BRAKE PAD,CHERY,Anhui Ruikai,OM,2 SET,"Rp911,908","Rp1,823,816","Rp317,821","Rp635,642","Rp1,200,000","Rp564,358",47.03%,"Rp594,087",34.20%,,,,,,,,,,,,,,AR260601,6/5/2026,602003953AA,RH CHOKE PLATE-FR BUMPER,CHERY,Anhui Ruikai,OL,1,"Rp39,473","Rp39,473","Rp80,000","Rp40,527",50.66%
TD260607,6/30/2026,T19-6GN3501080,FR BRAKE PAD,CHERY,Anhui Ruikai,OM,2 SET,"Rp1,024,615","Rp2,049,230","Rp198,638","Rp397,276","Rp1,400,000","Rp1,002,724",71.62%,"Rp825,977",31.68%,,,,,,,,,,,,,,MAD260504,5/28/2026,DFR551W30C,"FENDER(L),OVER-FRT",MAZDA,PT.EUROKARS MOTOR INDONESIA,OL,1,"Rp1,038,365","Rp1,038,365","Rp1,241,000","Rp202,635",16.33%
TD260607,6/30/2026,T15-6GN3501080,FR BRAKE PAD,CHERY,Anhui Ruikai,OM,2 SET,"Rp1,100,000","Rp2,200,000","Rp317,821","Rp635,642","Rp1,400,000","Rp764,358",54.60%,"Rp782,179",36.36%,,,,,,,,,,,,,,TD260705,7/8/2026,KB8NV3290TT,"COVER, UNDER FRONT",MAZDA,PT.EUROKARS MOTOR INDONESIA,OL,1,"Rp1,103,089",,"Rp1,620,000","Rp1,620,000",100.00%
TD260607,6/30/2026,T1EJ-3501080,FR BRAKE PAD,CHERY,Anhui Ruikai,OM,2 SET,"Rp1,336,440","Rp2,672,880","Rp317,821","Rp635,642","Rp1,600,000","Rp964,358",60.27%,"Rp1,018,619",40.14%,,,,,,,,,,,,,,TD260609,6/30/2026,KB8A507K1B,"MOULD(L),FRONT",MAZDA,CHONGBANG ,OM,1,"Rp292,462",,"Rp1,260,000","Rp1,260,000",100.00%
TD260607,6/30/2026,204007078AA,FR BRAKE PAD,CHERY,Anhui Ruikai,OM,2 SET,"Rp1,618,935","Rp3,237,870","Rp397,276","Rp794,552","Rp1,800,000","Rp1,005,448",55.86%,"Rp1,221,659",44.41%,,,,,,,,,,,,,,TD260609,6/30/2026,KB8A507J1B,"MOULD(R),FRONT",MAZDA,CHONGBANG ,OM,1,"Rp292,462",,"Rp1,260,000","Rp1,260,000",100.00%
TD260607,6/30/2026,T1C-3JS3502080,RR BRAKE PAD,CHERY,Anhui Ruikai,OM,2 SET,"Rp899,100","Rp1,798,200","Rp185,395","Rp370,791","Rp1,300,000","Rp929,209",71.48%,"Rp713,705",27.71%,,,,,,,,,,,,,,TD260609,6/30/2026,GMK667UC1 2Y,"SENSOR,ULTRASONIC",MAZDA,CHONGBANG ,OM,1,"Rp215,309",,"Rp1,980,000","Rp1,980,000",100.00%
TD260607,6/30/2026,T15-6GN3502080EP,RR BRAKE PAD,CHERY,Anhui Ruikai,OM,2 SET,"Rp819,692","Rp1,639,384","Rp304,578","Rp609,157","Rp1,300,000","Rp690,843",53.14%,"Rp515,114",20.70%,,,,,,,,,,,,,,TD260609,6/30/2026,KD4767UC5APR,RETAINER,MAZDA,CHONGBANG ,OM,1,"Rp71,770",,"Rp153,000","Rp153,000",100.00%
TD260607,6/30/2026,204003470AA,RR BRAKE PAD,CHERY,Anhui Ruikai,OM,2 SET,"Rp1,017,870","Rp2,035,740","Rp198,638","Rp397,276","Rp1,700,000","Rp1,302,724",76.63%,"Rp819,232",16.49%,,,,,,,,,,,,,,TD260609,6/30/2026,KB8A50717D,INNER BRACKET,MAZDA,CHONGBANG ,OM,1,"Rp140,000",,"Rp720,000","Rp720,000",100.00%
TD260607,6/30/2026,204007081AA,RR BRAKE PAD,CHERY,Anhui Ruikai,OM,2 SET,"Rp1,141,635","Rp2,283,270","Rp278,093","Rp556,186","Rp1,300,000","Rp743,814",57.22%,"Rp863,542",43.06%,,,,,,,,,,,,,,TD260703,7/6/2026,ABJT0002,RAIN VISOR,JETOUR,"Autobridge (Xiamen) Vehicle Parts Co.,LTD.",OL,1,"Rp206,338",,"Rp650,000","Rp650,000",100.00%
TD260607,6/30/2026,T28-3JS3502080,RR BRAKE PAD,CHERY,Anhui Ruikai,OM,2 SET,"Rp1,380,840","Rp2,761,680","Rp516,459","Rp1,032,918","Rp1,600,000","Rp567,082",35.44%,"Rp864,381",42.06%,,,,,,,,,,,,,,TD260710,7/14/2026,KT0458415,"CAP,CYL-OUTER HANDLE",MAZDA,PT.EUROKARS MOTOR INDONESIA,OL,1,"Rp70,283",,"Rp98,235","Rp98,235",100.00%
TD260606,6/30/2026,3658100-FK01P,AIR BAG ECU,DFSK,"Beauvais Auto Parts Co., LTD",OM,1 SET,"Rp1,415,805","Rp1,415,805","Rp1,006,433","Rp1,006,433","Rp1,326,000","Rp319,567",24.10%,"Rp409,372",6.34%,,,,,,,,,,,,,,,,,,,,,,,,,,
TD260701,7/2/2026,608000446AA,WIPER BLADE-SUB,JETOUR,"Beauvais Auto Parts Co., LTD",OL,5 SET,"Rp185,957","Rp929,785","Rp132,425","Rp662,127","Rp1,339,820","Rp677,693",50.58%,"Rp53,532",-44.10%,,,,,,,,,,,,,,,,,,,,,,,,,,
TD260701,7/2/2026,608000389AA,WIPER BLADE-MASTER,JETOUR,"Beauvais Auto Parts Co., LTD",OL,5 SET,"Rp232,472","Rp1,162,360","Rp158,910","Rp794,552","Rp1,674,960","Rp880,408",52.56%,"Rp73,562",-44.10%,,,,,,,,,,,,,,,,,,,,,,,,,,
TD260704,7/7/2026,803000090AA,HORN-LOW TONE,CHERY,Anhui Ruikai,OM,1 SET,"Rp179,991","Rp179,991","Rp95,095","Rp95,095","Rp155,000","Rp59,905",38.65%,"Rp84,896",13.88%,,,,,,,,,,,,,,,,,,,,,,,,,,
TD260712,7/16/2026,01R00A013,IGNITION COIL,GWM,Anhui Ruikai,OM,3 SET,WAITING,,"Rp376,791","Rp1,130,374","Rp1,650,000","Rp519,626",31.49%,,,,,,,,,,,,,,,,,,,,,,,,,,,,
TD260704,7/7/2026,8/23/29637,BEARING-RR WHL,MG,Anhui Ruikai,OM,1 SET,"Rp732,711","Rp732,711","Rp260,166","Rp260,166","Rp496,000","Rp235,834",47.55%,"Rp472,545",32.31%,,,,,,,,,,,,,,,,,,,,,,,,,,
TD260712,7/16/2026,5305700XKN01A,"AIR OUTLET ASSY,CONSOLE,RR N",GWM,Anhui Ruikai,OM,1 SET,"Rp495,000","Rp495,000","Rp349,878","Rp349,878","Rp390,000","Rp40,122",10.29%,"Rp145,122",21.21%,,,,,,,,,,,,,,,,,,,,,,,,,,
TD260711,7/16/2026,151000079AA,"AIR FILTER, ELEMENT",CHERY,"Beauvais Auto Parts Co., LTD",OL,10 SET,"Rp170,940","Rp1,709,400","Rp113,886","Rp1,138,858","Rp1,550,000","Rp411,142",26.53%,"Rp57,054",9.32%,,,,,,,,,,,,,,,,,,,,,,,,,,
TD260716,7/17/2026,302001607AA,RADIATOR,CHERY,Anhui Ruikai,OM,1 SET,"Rp1,304,805","Rp1,304,805","Rp412,676","Rp412,676","Rp850,000","Rp437,324",51.45%,"Rp892,129",34.86%,,,,,,,,,,,,,,,,,,,,,,,,,,